episode,selectivity,bucket_id,q_pre_before,q_post_before,chosen_strategy,was_guardrail,latency_ms,recall,reward,q_pre_after,q_post_after,gt_latency_ms,filter_name
1,0.248992,4,1.0,1.0,post_filter,False,4.4907,1.0,0.850308,1.0,0.985031,26.0392,"overall IN (3,4)"
2,0.881823,20,1.0,1.0,post_filter,False,11.8119,1.0,0.606269,1.0,0.960627,26.877,"overall IN (1,4,5)"
3,0.859249,20,1.0,0.960627,pre_filter,False,100.1279,1.0,0.0,0.9,0.960627,29.3076,overall>=3.0
4,0.906777,21,1.0,1.0,post_filter,True,1.9521,1.0,0.934931,1.0,0.993493,25.7501,overall>=2.0
5,0.210713,2,1.0,1.0,post_filter,False,6.4183,1.0,0.786056,1.0,0.978606,25.7034,"main_cat IN ('Camera & Photo', 'Camera &amp; Photo')"
6,0.210713,2,1.0,0.978606,pre_filter,False,15.4418,1.0,0.485274,0.948527,0.978606,28.0862,"main_cat IN ('Camera & Photo', 'Camera &amp; Photo')"
7,0.050727,0,1.0,1.0,pre_filter,False,5.1075,1.0,0.829751,0.982975,1.0,27.8165,"main_cat IN ('Computers', 'Tools & Home Improvement')"
8,0.774129,19,1.0,1.0,pre_filter,False,45.1556,1.0,0.0,0.9,1.0,25.1658,"overall IN (1,3,5)"
9,0.180604,1,1.0,1.0,pre_filter,False,11.0098,1.0,0.633007,0.963301,1.0,25.5103,"main_cat IN ('Camera & Photo', 'Computers', 'Cell Phones &amp; Accessories')"
10,0.319094,7,1.0,1.0,pre_filter,False,122.4975,1.0,0.0,0.9,1.0,26.8888,"overall IN (1,2,4)"
11,0.270385,5,1.0,1.0,pre_filter,False,17.8844,1.0,0.403854,0.940385,1.0,25.0087,"main_cat IN ('Home Audio & Theater', 'Books', 'Tools & Home Improvement')"
12,0.230635,3,1.0,1.0,post_filter,False,10.1659,0.8,0.118565,1.0,0.911856,26.5357,"main_cat IN ('Camera & Photo', 'Camera &amp; Photo', 'Cell Phones &amp; Accessories')"
13,0.906777,21,1.0,0.993493,post_filter,True,5.125,1.0,0.829168,1.0,0.977061,25.2053,overall>=2.0
14,0.092237,0,0.982975,1.0,post_filter,False,5.1711,1.0,0.827631,0.982975,0.982763,25.5397,main_cat='Home Audio &amp; Theater' AND overall>=3.0
15,0.836128,20,0.9,0.960627,post_filter,False,4.5545,1.0,0.848183,0.9,0.949383,25.6244,"overall IN (2,4,5)"
16,0.230635,3,1.0,0.911856,pre_filter,False,13.7144,1.0,0.542854,0.954285,0.911856,26.047,"main_cat IN ('Camera & Photo', 'Camera &amp; Photo', 'Cell Phones &amp; Accessories')"
17,0.300422,7,0.9,1.0,post_filter,False,18.0151,1.0,0.399496,0.9,0.93995,28.8627,"main_cat IN ('All Electronics', 'Books', 'Sports & Outdoors')"
18,0.751008,19,0.9,1.0,post_filter,False,5.7243,1.0,0.80919,0.9,0.980919,28.1422,"overall IN (1,2,5)"
19,0.658182,18,1.0,1.0,pre_filter,False,43.6239,1.0,0.0,0.9,1.0,25.3465,verified=true AND overall>=3.0
20,0.319094,7,0.9,0.93995,post_filter,False,6.2159,1.0,0.792804,0.9,0.925235,26.6037,"overall IN (1,2,4)"
21,0.774129,19,0.9,0.980919,post_filter,False,10.704,1.0,0.643201,0.9,0.947147,26.9136,"overall IN (1,3,5)"
22,0.881823,20,0.9,0.949383,post_filter,False,2.2392,1.0,0.925361,0.9,0.94698,25.2131,"overall IN (1,4,5)"
23,0.680906,18,0.9,1.0,pre_filter,False,41.6393,1.0,0.0,0.81,1.0,27.7912,"overall IN (3,5)"
24,0.270385,5,0.940385,1.0,post_filter,False,4.087,1.0,0.863767,0.940385,0.986377,26.356,"main_cat IN ('Home Audio & Theater', 'Books', 'Tools & Home Improvement')"
25,0.050727,0,0.982975,0.982763,pre_filter,False,8.8659,1.0,0.704469,0.955125,0.982763,27.0452,"main_cat IN ('Computers', 'Tools & Home Improvement')"
26,0.12068,1,0.963301,1.0,post_filter,False,1.7737,0.1,0.0,0.963301,0.9,26.8962,"main_cat IN ('Camera &amp; Photo', 'Cell Phones &amp; Accessories', 'Tools & Home Improvement')"
27,0.929351,21,1.0,0.977061,post_filter,True,4.2706,1.0,0.857646,1.0,0.965119,28.5022,"overall IN (1,2,4,5)"
28,0.230635,3,0.954285,0.911856,pre_filter,False,14.033,1.0,0.532235,0.91208,0.911856,37.9492,"main_cat IN ('Camera & Photo', 'Camera &amp; Photo', 'Cell Phones &amp; Accessories')"
29,0.160682,1,0.963301,0.9,post_filter,False,9.2676,1.0,0.691079,0.963301,0.879108,68.1379,"main_cat IN ('Camera & Photo', 'Computers')"
30,0.70348,19,0.9,0.947147,pre_filter,False,89.4195,1.0,0.0,0.81,0.947147,25.8582,"overall IN (1,5)"
31,0.230635,3,0.91208,0.911856,pre_filter,False,14.1531,1.0,0.528231,0.873695,0.911856,28.8637,"main_cat IN ('Camera & Photo', 'Camera &amp; Photo', 'Cell Phones &amp; Accessories')"
32,0.073033,0,0.955125,0.982763,post_filter,False,5.2253,0.6,0.00834,0.955125,0.885321,27.5688,brand='Tiffen'
33,0.12068,1,0.963301,0.879108,post_filter,False,3.5828,1.0,0.880574,0.963301,0.879254,27.4242,"main_cat IN ('Camera &amp; Photo', 'Cell Phones &amp; Accessories', 'Tools & Home Improvement')"
34,0.728433,19,0.81,0.947147,post_filter,False,4.1448,1.0,0.861842,0.81,0.938617,27.7952,"overall IN (2,3,5)"
35,0.339351,8,1.0,1.0,pre_filter,False,102.4215,1.0,0.0,0.9,1.0,69.7689,"main_cat IN ('Home Audio & Theater', 'Camera &amp; Photo', 'Sports & Outdoors')"
36,0.300422,7,0.9,0.925235,post_filter,False,8.2205,1.0,0.725983,0.9,0.90531,95.345,"main_cat IN ('All Electronics', 'Books', 'Sports & Outdoors')"
37,0.821657,20,0.9,0.94698,post_filter,False,2.9714,1.0,0.900954,0.9,0.942378,26.3847,"overall IN (1,2,3,5)"
38,0.859249,20,0.9,0.942378,post_filter,False,3.7955,1.0,0.873482,0.9,0.935488,27.2151,overall>=3.0
39,0.270385,5,0.940385,0.986377,pre_filter,False,22.3794,1.0,0.254019,0.871749,0.986377,25.8451,"main_cat IN ('Home Audio & Theater', 'Books', 'Tools & Home Improvement')"
40,0.339351,8,0.9,1.0,post_filter,False,2.6209,1.0,0.912637,0.9,0.991264,25.6595,"main_cat IN ('Home Audio & Theater', 'Camera &amp; Photo', 'Sports & Outdoors')"
41,0.728433,19,0.81,0.938617,post_filter,False,3.1882,1.0,0.893725,0.81,0.934128,25.7994,"overall IN (2,3,5)"
42,0.658182,18,0.81,1.0,post_filter,False,2.3751,1.0,0.920829,0.81,0.992083,25.9163,verified=true AND overall>=3.0
43,0.12068,1,0.963301,0.879254,pre_filter,False,47.9118,1.0,0.0,0.866971,0.879254,47.0693,"main_cat IN ('Camera &amp; Photo', 'Cell Phones &amp; Accessories', 'Tools & Home Improvement')"
44,0.319094,7,0.9,0.90531,post_filter,False,2.1466,0.8,0.166502,0.9,0.831429,26.1708,"overall IN (1,2,4)"
45,0.929351,21,1.0,0.965119,post_filter,True,2.5866,1.0,0.913779,1.0,0.959985,26.0555,"overall IN (1,2,4,5)"
46,0.70348,19,0.81,0.934128,post_filter,False,4.2365,1.0,0.858785,0.81,0.926593,26.289,"overall IN (1,5)"
47,0.180604,1,0.866971,0.879254,post_filter,False,3.6898,0.7,0.041376,0.866971,0.795467,26.7264,"main_cat IN ('Camera & Photo', 'Computers', 'Cell Phones &amp; Accessories')"
48,0.230635,3,0.873695,0.911856,post_filter,False,0.9619,0.0,0.0,0.873695,0.820671,35.0235,"main_cat IN ('Camera & Photo', 'Camera &amp; Photo', 'Cell Phones &amp; Accessories')"
49,0.073033,0,0.955125,0.885321,post_filter,False,8.9993,1.0,0.700022,0.955125,0.866791,29.8005,brand='Tiffen'
50,0.7886,19,0.81,0.926593,post_filter,False,2.9396,0.9,0.525294,0.81,0.886463,26.7245,overall>=4.0
51,0.339351,8,0.9,0.991264,post_filter,False,2.6733,1.0,0.910889,0.9,0.983226,28.3335,"main_cat IN ('Home Audio & Theater', 'Camera &amp; Photo', 'Sports & Outdoors')"
52,0.050727,0,0.955125,0.866791,pre_filter,False,7.5563,1.0,0.748122,0.934424,0.866791,31.9237,"main_cat IN ('Computers', 'Tools & Home Improvement')"
53,0.658182,18,0.81,0.992083,post_filter,False,2.6544,1.0,0.911519,0.81,0.984027,25.8017,verified=true AND overall>=3.0
54,0.952472,21,1.0,0.959985,post_filter,True,2.4096,1.0,0.919679,1.0,0.955955,25.7669,"overall IN (1,3,4,5)"
55,0.859249,20,0.9,0.935488,post_filter,False,2.3466,1.0,0.921781,0.9,0.934117,26.0047,overall>=3.0
56,0.680906,18,0.81,0.984027,post_filter,False,1.8439,0.9,0.546563,0.81,0.94028,26.1811,"overall IN (3,5)"
57,0.774129,19,0.81,0.886463,pre_filter,False,136.7377,1.0,0.0,0.729,0.886463,32.4579,"overall IN (1,3,5)"
58,0.821657,20,0.9,0.934117,pre_filter,False,173.4097,1.0,0.0,0.81,0.934117,29.6281,"overall IN (1,2,3,5)"
59,0.821657,20,0.81,0.934117,post_filter,False,5.5274,1.0,0.815754,0.81,0.922281,29.4246,"overall IN (1,2,3,5)"
60,0.821657,20,0.81,0.922281,pre_filter,False,51.8301,1.0,0.0,0.729,0.922281,25.9749,"overall IN (1,2,3,5)"
61,0.774129,19,0.729,0.886463,post_filter,False,3.2743,1.0,0.890856,0.729,0.886903,26.0235,"overall IN (1,3,5)"
62,0.180604,1,0.866971,0.795467,pre_filter,False,40.0668,1.0,0.0,0.780274,0.795467,25.5808,"main_cat IN ('Camera & Photo', 'Computers', 'Cell Phones &amp; Accessories')"
63,0.300422,7,0.9,0.831429,pre_filter,False,31.0174,1.0,0.0,0.81,0.831429,26.4259,"main_cat IN ('All Electronics', 'Books', 'Sports & Outdoors')"
64,0.339351,8,0.9,0.983226,post_filter,False,4.021,0.8,0.155297,0.9,0.900433,26.6316,"main_cat IN ('Home Audio & Theater', 'Camera &amp; Photo', 'Sports & Outdoors')"
65,0.092237,0,0.934424,0.866791,post_filter,False,1.8515,1.0,0.938283,0.934424,0.87394,25.9717,main_cat='Home Audio &amp; Theater' AND overall>=3.0
66,0.774129,19,0.729,0.886903,post_filter,False,2.7135,1.0,0.90955,0.729,0.889167,25.2441,"overall IN (1,3,5)"
67,0.952472,21,1.0,0.955955,post_filter,True,1.5907,1.0,0.946978,1.0,0.955057,32.2108,"overall IN (1,3,4,5)"
68,0.270385,5,0.871749,0.986377,post_filter,False,2.8208,1.0,0.905975,0.871749,0.978336,34.5967,"main_cat IN ('Home Audio & Theater', 'Books', 'Tools & Home Improvement')"
69,0.728433,19,0.729,0.889167,post_filter,False,6.478,1.0,0.784067,0.729,0.878657,33.3307,"overall IN (2,3,5)"
70,0.270385,5,0.871749,0.978336,post_filter,False,21.435,1.0,0.285501,0.871749,0.909053,35.5542,"main_cat IN ('Home Audio & Theater', 'Books', 'Tools & Home Improvement')"
71,0.774129,19,0.729,0.878657,post_filter,False,13.753,1.0,0.541568,0.729,0.844948,29.5934,"overall IN (1,3,5)"
72,0.906777,21,1.0,0.955057,post_filter,True,24.5112,0.9,0.106549,1.0,0.870206,41.35,overall>=2.0
73,0.12068,1,0.780274,0.795467,pre_filter,False,23.875,1.0,0.204165,0.722663,0.795467,39.0252,"main_cat IN ('Camera &amp; Photo', 'Cell Phones &amp; Accessories', 'Tools & Home Improvement')"
74,0.821657,20,0.729,0.922281,pre_filter,False,74.8192,1.0,0.0,0.6561,0.922281,28.4241,"overall IN (1,2,3,5)"
75,0.929351,21,1.0,0.870206,post_filter,True,1.9023,0.0,0.0,1.0,0.783185,26.2779,"overall IN (1,2,4,5)"
76,0.248992,4,1.0,0.985031,pre_filter,False,31.9585,1.0,0.0,0.9,0.985031,27.972,"overall IN (3,4)"
77,0.658182,18,0.81,0.94028,post_filter,False,4.7746,1.0,0.840847,0.81,0.930337,26.6175,verified=true AND overall>=3.0
78,0.248992,4,0.9,0.985031,post_filter,False,3.4488,1.0,0.88504,0.9,0.975032,25.8954,"overall IN (3,4)"
79,0.774129,19,0.729,0.844948,post_filter,False,2.8628,1.0,0.904572,0.729,0.850911,25.8367,"overall IN (1,3,5)"
80,0.339351,8,0.9,0.900433,post_filter,False,3.7188,1.0,0.876039,0.9,0.897994,26.1467,"main_cat IN ('Home Audio & Theater', 'Camera &amp; Photo', 'Sports & Outdoors')"
81,0.270385,5,0.871749,0.909053,pre_filter,False,48.9769,1.0,0.0,0.784574,0.909053,27.3756,"main_cat IN ('Home Audio & Theater', 'Books', 'Tools & Home Improvement')"
82,0.319094,7,0.81,0.831429,post_filter,False,3.6987,1.0,0.876711,0.81,0.835957,26.6834,"overall IN (1,2,4)"
83,0.7886,19,0.729,0.850911,post_filter,False,5.5825,1.0,0.813917,0.729,0.847211,25.5646,overall>=4.0
84,0.248992,4,0.9,0.975032,post_filter,False,2.8016,0.9,0.527973,0.9,0.930326,26.1087,"overall IN (3,4)"
85,0.680906,18,0.81,0.930337,post_filter,False,1.009,0.0,0.0,0.81,0.837303,26.0005,"overall IN (3,5)"
86,0.140751,1,0.722663,0.795467,pre_filter,False,12.9498,1.0,0.568339,0.70723,0.795467,27.2369,overall<=2.0
87,0.180604,1,0.70723,0.795467,pre_filter,False,10.8595,1.0,0.638018,0.700309,0.795467,25.2656,"main_cat IN ('Camera & Photo', 'Computers', 'Cell Phones &amp; Accessories')"
88,0.339351,8,0.9,0.897994,pre_filter,False,39.79,1.0,0.0,0.81,0.897994,25.2825,"main_cat IN ('Home Audio & Theater', 'Camera &amp; Photo', 'Sports & Outdoors')"
89,0.774129,19,0.729,0.847211,post_filter,False,2.4092,1.0,0.919692,0.729,0.854459,25.7753,"overall IN (1,3,5)"
90,0.319094,7,0.81,0.835957,post_filter,False,1.9226,1.0,0.935914,0.81,0.845953,25.1197,"overall IN (1,2,4)"
91,0.774129,19,0.729,0.854459,post_filter,False,2.0635,1.0,0.931217,0.729,0.862135,25.4365,"overall IN (1,3,5)"
92,0.821657,20,0.6561,0.922281,post_filter,False,2.5326,1.0,0.915579,0.6561,0.921611,25.3679,"overall IN (1,2,3,5)"
93,0.929351,21,1.0,0.783185,post_filter,True,1.7884,1.0,0.940386,1.0,0.798905,24.9372,"overall IN (1,2,4,5)"
94,0.160682,1,0.700309,0.795467,post_filter,False,2.9994,1.0,0.900021,0.700309,0.805922,25.0489,"main_cat IN ('Camera & Photo', 'Computers')"
95,0.728433,19,0.729,0.862135,post_filter,False,1.9857,1.0,0.933811,0.729,0.869303,24.8856,"overall IN (2,3,5)"
96,0.70348,19,0.729,0.869303,post_filter,False,2.7308,1.0,0.908975,0.729,0.87327,24.9808,"overall IN (1,5)"
97,0.248992,4,0.9,0.930326,post_filter,False,2.651,1.0,0.911633,0.9,0.928457,24.7427,"overall IN (3,4)"
98,0.319094,7,0.81,0.845953,post_filter,False,2.3515,1.0,0.921615,0.81,0.853519,24.9802,"overall IN (1,2,4)"
99,0.680906,18,0.81,0.837303,pre_filter,False,40.5065,1.0,0.0,0.729,0.837303,24.8659,"overall IN (3,5)"
100,0.881823,20,0.6561,0.921611,post_filter,False,1.8452,1.0,0.938492,0.6561,0.923299,25.3357,"overall IN (1,4,5)"
101,0.050727,0,0.934424,0.87394,post_filter,False,2.8938,0.7,0.042628,0.934424,0.790809,25.6249,"main_cat IN ('Computers', 'Tools & Home Improvement')"
102,0.248992,4,0.9,0.928457,post_filter,False,1.8943,1.0,0.936857,0.9,0.929297,29.9271,"overall IN (3,4)"
103,0.248992,4,0.9,0.929297,post_filter,False,2.4743,1.0,0.917524,0.9,0.928119,26.2038,"overall IN (3,4)"
104,0.180604,1,0.700309,0.805922,post_filter,False,1.2159,1.0,0.959469,0.700309,0.821277,25.2682,"main_cat IN ('Camera & Photo', 'Computers', 'Cell Phones &amp; Accessories')"
105,0.339351,8,0.81,0.897994,post_filter,False,2.448,1.0,0.918399,0.81,0.900034,26.9415,"main_cat IN ('Home Audio & Theater', 'Camera &amp; Photo', 'Sports & Outdoors')"
106,0.859249,20,0.6561,0.923299,post_filter,False,1.4263,1.0,0.952456,0.6561,0.926215,24.9167,overall>=3.0
107,0.70348,19,0.729,0.87327,post_filter,False,1.9877,1.0,0.933744,0.729,0.879317,24.8063,"overall IN (1,5)"
108,0.728433,19,0.729,0.879317,post_filter,False,1.3154,1.0,0.956154,0.729,0.887001,24.8539,"overall IN (2,3,5)"
109,0.751008,19,0.729,0.887001,post_filter,False,1.3955,0.9,0.555267,0.729,0.853828,25.119,"overall IN (1,2,5)"
110,0.270385,5,0.784574,0.909053,pre_filter,False,15.3302,1.0,0.488994,0.755016,0.909053,25.9503,"main_cat IN ('Home Audio & Theater', 'Books', 'Tools & Home Improvement')"
111,0.389743,11,1.0,1.0,pre_filter,False,81.3307,1.0,0.0,0.9,1.0,48.6725,overall<=4.0
112,0.389743,11,0.9,1.0,post_filter,False,1.5704,1.0,0.947653,0.9,0.994765,27.9692,overall<=4.0
113,0.389743,11,0.9,0.994765,pre_filter,False,31.4718,1.0,0.0,0.81,0.994765,25.6804,overall<=4.0
114,0.774129,19,0.729,0.853828,post_filter,False,1.8341,1.0,0.938864,0.729,0.862331,25.4185,"overall IN (1,3,5)"
115,0.180604,1,0.700309,0.821277,post_filter,False,1.6148,0.9,0.55101,0.700309,0.79425,24.7439,"main_cat IN ('Camera & Photo', 'Computers', 'Cell Phones &amp; Accessories')"
116,0.658182,18,0.729,0.837303,post_filter,False,1.2721,1.0,0.957597,0.729,0.849333,25.3696,verified=true AND overall>=3.0
117,0.610257,18,0.729,0.849333,post_filter,False,1.2235,1.0,0.959215,0.729,0.860321,25.0216,overall>=5.0
118,0.859249,20,0.6561,0.926215,post_filter,False,1.3916,1.0,0.953614,0.6561,0.928955,27.1393,overall>=3.0
119,0.929351,21,1.0,0.798905,post_filter,True,1.602,1.0,0.946599,1.0,0.813675,26.0248,"overall IN (1,2,4,5)"
120,0.859249,20,0.6561,0.928955,post_filter,False,1.4118,1.0,0.95294,0.6561,0.931353,25.1228,overall>=3.0
121,0.821657,20,0.6561,0.931353,post_filter,False,1.6723,1.0,0.944256,0.6561,0.932643,26.6786,"overall IN (1,2,3,5)"
122,0.160682,1,0.700309,0.79425,post_filter,False,1.2377,1.0,0.958744,0.700309,0.8107,25.0824,"main_cat IN ('Camera & Photo', 'Computers')"
123,0.774129,19,0.729,0.862331,post_filter,False,1.3955,1.0,0.953485,0.729,0.871447,25.1796,"overall IN (1,3,5)"
124,0.092237,0,0.934424,0.790809,pre_filter,False,9.0079,1.0,0.699736,0.910956,0.790809,25.686,main_cat='Home Audio &amp; Theater' AND overall>=3.0
125,0.248992,4,0.9,0.928119,pre_filter,False,22.8104,1.0,0.239654,0.833965,0.928119,24.9878,"overall IN (3,4)"
126,0.658182,18,0.729,0.860321,post_filter,False,1.0875,1.0,0.96375,0.729,0.870664,24.8616,verified=true AND overall>=3.0
127,0.774129,19,0.729,0.871447,post_filter,False,1.3248,1.0,0.95584,0.729,0.879886,24.9612,"overall IN (1,3,5)"
128,0.751008,19,0.729,0.879886,post_filter,False,1.0412,1.0,0.965293,0.729,0.888427,24.993,"overall IN (1,2,5)"
129,0.728433,19,0.729,0.888427,post_filter,False,1.1197,1.0,0.962675,0.729,0.895851,24.6434,"overall IN (2,3,5)"
130,0.270385,5,0.755016,0.909053,post_filter,False,1.3248,1.0,0.95584,0.755016,0.913732,26.0847,"main_cat IN ('Home Audio & Theater', 'Books', 'Tools & Home Improvement')"
131,0.092237,0,0.910956,0.790809,pre_filter,False,6.3151,1.0,0.789496,0.89881,0.790809,27.542,main_cat='Home Audio &amp; Theater' AND overall>=3.0
132,0.881823,20,0.6561,0.932643,post_filter,False,2.7785,1.0,0.907385,0.6561,0.930118,29.0792,"overall IN (1,4,5)"
133,0.836128,20,0.6561,0.930118,post_filter,False,1.3568,1.0,0.954772,0.6561,0.932583,28.5382,"overall IN (2,4,5)"
134,0.210713,2,0.948527,0.978606,pre_filter,False,13.6326,1.0,0.545579,0.908233,0.978606,30.2382,"main_cat IN ('Camera & Photo', 'Camera &amp; Photo')"
135,0.774129,19,0.729,0.895851,post_filter,False,4.3728,1.0,0.854239,0.729,0.89169,28.966,"overall IN (1,3,5)"
136,0.248992,4,0.833965,0.928119,post_filter,False,2.525,1.0,0.915832,0.833965,0.926891,76.7132,"overall IN (3,4)"
137,0.210713,2,0.908233,0.978606,pre_filter,False,12.3954,1.0,0.586819,0.876091,0.978606,26.5793,"main_cat IN ('Camera & Photo', 'Camera &amp; Photo')"
138,0.859249,20,0.6561,0.932583,post_filter,False,4.4561,1.0,0.851464,0.6561,0.924471,28.7789,overall>=3.0
139,0.180604,1,0.700309,0.8107,post_filter,False,1.8255,0.9,0.546919,0.700309,0.784322,29.3349,"main_cat IN ('Camera & Photo', 'Computers', 'Cell Phones &amp; Accessories')"
140,0.140751,1,0.700309,0.784322,post_filter,False,2.8677,1.0,0.904408,0.700309,0.79633,25.3893,overall<=2.0
141,0.050727,0,0.89881,0.790809,pre_filter,False,11.269,1.0,0.624367,0.871365,0.790809,25.8441,"main_cat IN ('Computers', 'Tools & Home Improvement')"
142,0.073033,0,0.871365,0.790809,pre_filter,False,5.6808,1.0,0.81064,0.865293,0.790809,27.7956,brand='Tiffen'
143,0.210713,2,0.876091,0.978606,post_filter,False,2.557,0.8,0.164049,0.876091,0.89715,26.0318,"main_cat IN ('Camera & Photo', 'Camera &amp; Photo')"
144,0.610257,18,0.729,0.870664,post_filter,False,1.5098,1.0,0.949674,0.729,0.878565,25.7766,overall>=5.0
145,0.728433,19,0.729,0.89169,post_filter,False,2.0198,1.0,0.932672,0.729,0.895788,25.168,"overall IN (2,3,5)"
146,0.906777,21,1.0,0.813675,post_filter,True,1.6105,1.0,0.946317,1.0,0.826939,26.7507,overall>=2.0
147,0.836128,20,0.6561,0.924471,post_filter,False,2.0838,1.0,0.93054,0.6561,0.925078,28.739,"overall IN (2,4,5)"
148,0.092237,0,0.865293,0.790809,pre_filter,False,6.8067,1.0,0.77311,0.856074,0.790809,30.0704,main_cat='Home Audio &amp; Theater' AND overall>=3.0
149,0.389743,11,0.81,0.994765,post_filter,False,4.1463,0.9,0.50187,0.81,0.945476,30.4647,overall<=4.0
150,0.339351,8,0.81,0.900034,post_filter,False,2.5688,1.0,0.914375,0.81,0.901468,31.3567,"main_cat IN ('Home Audio & Theater', 'Camera &amp; Photo', 'Sports & Outdoors')"
151,0.929351,21,1.0,0.826939,post_filter,True,2.2174,1.0,0.926086,1.0,0.836854,27.4665,"overall IN (1,2,4,5)"
152,0.751008,19,0.729,0.895788,post_filter,False,2.256,1.0,0.9248,0.729,0.89869,27.6219,"overall IN (1,2,5)"
153,0.70348,19,0.729,0.89869,post_filter,False,7.56,1.0,0.748001,0.729,0.883621,28.1435,"overall IN (1,5)"
154,0.180604,1,0.700309,0.79633,post_filter,False,3.2107,1.0,0.892976,0.700309,0.805995,26.9484,"main_cat IN ('Camera & Photo', 'Computers', 'Cell Phones &amp; Accessories')"
155,0.7886,19,0.729,0.883621,post_filter,False,3.0286,1.0,0.899046,0.729,0.885163,26.0664,overall>=4.0
156,0.7886,19,0.729,0.885163,post_filter,False,1.9447,1.0,0.935176,0.729,0.890165,25.6288,overall>=4.0
157,0.319094,7,0.81,0.853519,pre_filter,False,39.3965,1.0,0.0,0.729,0.853519,26.4704,"overall IN (1,2,4)"
158,0.610257,18,0.729,0.878565,post_filter,False,1.7648,1.0,0.941172,0.729,0.884826,28.0125,overall>=5.0
159,0.319094,7,0.729,0.853519,post_filter,False,1.8579,1.0,0.938071,0.729,0.861974,26.5376,"overall IN (1,2,4)"
160,0.210713,2,0.876091,0.89715,pre_filter,False,22.9147,1.0,0.236176,0.8121,0.89715,25.9745,"main_cat IN ('Camera & Photo', 'Camera &amp; Photo')"
161,0.140751,1,0.700309,0.805995,post_filter,False,2.1867,0.5,0.001512,0.700309,0.725547,25.2248,overall<=2.0
162,0.751008,19,0.729,0.890165,post_filter,False,1.1881,1.0,0.960396,0.729,0.897188,25.4273,"overall IN (1,2,5)"
163,0.7886,19,0.729,0.897188,post_filter,False,1.3759,1.0,0.954136,0.729,0.902883,24.9335,overall>=4.0
164,0.050727,0,0.856074,0.790809,pre_filter,False,3.1754,1.0,0.894154,0.859882,0.790809,24.926,"main_cat IN ('Computers', 'Tools & Home Improvement')"
165,0.929351,21,1.0,0.836854,post_filter,True,1.4011,1.0,0.953296,1.0,0.848498,24.8975,"overall IN (1,2,4,5)"
166,0.836128,20,0.6561,0.925078,post_filter,False,1.6584,0.9,0.550164,0.6561,0.887587,24.9323,"overall IN (2,4,5)"
167,0.906777,21,1.0,0.848498,post_filter,True,1.3511,1.0,0.954962,1.0,0.859144,24.8374,overall>=2.0
168,0.836128,20,0.6561,0.887587,post_filter,False,1.3279,1.0,0.955736,0.6561,0.894402,26.7203,"overall IN (2,4,5)"
169,0.929351,21,1.0,0.859144,post_filter,True,1.21,1.0,0.959665,1.0,0.869196,26.1379,"overall IN (1,2,4,5)"
170,0.12068,1,0.700309,0.725547,post_filter,False,1.998,1.0,0.933399,0.700309,0.746332,26.5825,"main_cat IN ('Camera &amp; Photo', 'Cell Phones &amp; Accessories', 'Tools & Home Improvement')"
171,0.836128,20,0.6561,0.894402,post_filter,False,1.333,1.0,0.955567,0.6561,0.900518,24.7151,"overall IN (2,4,5)"
172,0.339351,8,0.81,0.901468,pre_filter,False,69.521,1.0,0.0,0.729,0.901468,24.8732,"main_cat IN ('Home Audio & Theater', 'Camera &amp; Photo', 'Sports & Outdoors')"
173,0.210713,2,0.8121,0.89715,post_filter,False,1.0768,0.0,0.0,0.8121,0.807435,25.5744,"main_cat IN ('Camera & Photo', 'Camera &amp; Photo')"
174,0.160682,1,0.700309,0.746332,post_filter,False,1.5609,0.3,9e-06,0.700309,0.6717,25.4069,"main_cat IN ('Camera & Photo', 'Computers')"
175,0.859249,20,0.6561,0.900518,post_filter,False,1.307,1.0,0.956435,0.6561,0.90611,24.8954,overall>=3.0
176,0.7886,19,0.729,0.902883,post_filter,False,1.5639,1.0,0.947871,0.729,0.907381,25.4112,overall>=4.0
177,0.658182,18,0.729,0.884826,post_filter,False,0.8073,1.0,0.97309,0.729,0.893652,24.8787,verified=true AND overall>=3.0
178,0.389743,11,0.81,0.945476,post_filter,False,1.1956,1.0,0.960147,0.81,0.946943,25.6262,overall<=4.0
179,0.073033,0,0.859882,0.790809,post_filter,False,1.4272,0.0,0.0,0.859882,0.711728,27.1673,brand='Tiffen'
180,0.680906,18,0.729,0.893652,pre_filter,False,119.9341,1.0,0.0,0.6561,0.893652,24.8439,"overall IN (3,5)"
181,0.210713,2,0.8121,0.807435,pre_filter,False,13.233,1.0,0.558901,0.78678,0.807435,25.0731,"main_cat IN ('Camera & Photo', 'Camera &amp; Photo')"
182,0.952472,21,1.0,0.869196,post_filter,True,1.3119,1.0,0.956271,1.0,0.877904,25.9856,"overall IN (1,3,4,5)"
183,0.906777,21,1.0,0.877904,post_filter,True,0.9827,1.0,0.967242,1.0,0.886838,25.1559,overall>=2.0
184,0.12068,1,0.700309,0.6717,pre_filter,False,10.6642,1.0,0.644526,0.694731,0.6717,26.2222,"main_cat IN ('Camera &amp; Photo', 'Cell Phones &amp; Accessories', 'Tools & Home Improvement')"
185,0.389743,11,0.81,0.946943,post_filter,False,1.3535,1.0,0.954883,0.81,0.947737,31.0462,overall<=4.0
186,0.140751,1,0.694731,0.6717,post_filter,False,34.9392,0.7,0.0,0.694731,0.60453,98.9539,overall<=2.0
187,0.859249,20,0.6561,0.90611,post_filter,False,2.2074,1.0,0.926419,0.6561,0.908141,29.3322,overall>=3.0
188,0.389743,11,0.81,0.947737,post_filter,False,7.8834,1.0,0.737221,0.81,0.926685,46.584,overall<=4.0
189,0.774129,19,0.729,0.907381,post_filter,False,2.2159,1.0,0.926138,0.729,0.909257,26.8954,"overall IN (1,3,5)"
190,0.658182,18,0.6561,0.893652,post_filter,False,3.7686,1.0,0.874379,0.6561,0.891725,29.0102,verified=true AND overall>=3.0
191,0.680906,18,0.6561,0.891725,post_filter,False,8.4877,1.0,0.717076,0.6561,0.87426,39.8242,"overall IN (3,5)"
192,0.728433,19,0.729,0.909257,post_filter,False,2.0057,1.0,0.933144,0.729,0.911646,25.9614,"overall IN (2,3,5)"
193,0.270385,5,0.755016,0.913732,pre_filter,False,51.5627,1.0,0.0,0.679514,0.913732,25.1678,"main_cat IN ('Home Audio & Theater', 'Books', 'Tools & Home Improvement')"
194,0.836128,20,0.6561,0.908141,pre_filter,False,85.3835,1.0,0.0,0.59049,0.908141,25.8773,"overall IN (2,4,5)"
195,0.929351,21,1.0,0.886838,post_filter,True,2.5259,1.0,0.915803,1.0,0.889734,32.3595,"overall IN (1,2,4,5)"
196,0.389743,11,0.81,0.926685,post_filter,False,1.6013,1.0,0.946624,0.81,0.928679,29.2653,overall<=4.0
197,0.728433,19,0.729,0.911646,post_filter,False,0.8023,0.0,0.0,0.729,0.820481,25.9328,"overall IN (2,3,5)"
198,0.881823,20,0.59049,0.908141,post_filter,False,1.6858,0.9,0.549633,0.59049,0.87229,25.7432,"overall IN (1,4,5)"
199,0.821657,20,0.59049,0.87229,post_filter,False,7.405,1.0,0.753167,0.59049,0.860378,29.2594,"overall IN (1,2,3,5)"
200,0.929351,21,1.0,0.889734,post_filter,True,2.4525,1.0,0.918251,1.0,0.892586,25.6935,"overall IN (1,2,4,5)"
201,0.658182,18,0.6561,0.87426,post_filter,False,2.2697,1.0,0.924343,0.6561,0.879268,25.7161,verified=true AND overall>=3.0
202,0.339351,8,0.729,0.901468,post_filter,False,1.2964,1.0,0.956786,0.729,0.907,25.2605,"main_cat IN ('Home Audio & Theater', 'Camera &amp; Photo', 'Sports & Outdoors')"
203,0.881823,20,0.59049,0.860378,post_filter,False,2.1245,1.0,0.929185,0.59049,0.867258,25.1982,"overall IN (1,4,5)"
204,0.952472,21,1.0,0.892586,post_filter,True,1.7988,1.0,0.94004,1.0,0.897331,25.0974,"overall IN (1,3,4,5)"
205,0.680906,18,0.6561,0.879268,post_filter,False,1.928,1.0,0.935733,0.6561,0.884915,25.0388,"overall IN (3,5)"
206,0.389743,11,0.81,0.928679,post_filter,False,0.6244,0.4,0.000171,0.81,0.835828,24.9077,overall<=4.0
207,0.929351,21,1.0,0.897331,post_filter,True,2.2017,1.0,0.926611,1.0,0.900259,25.2865,"overall IN (1,2,4,5)"
208,0.160682,1,0.694731,0.60453,post_filter,False,1.5738,1.0,0.947542,0.694731,0.638831,24.9765,"main_cat IN ('Camera & Photo', 'Computers')"
209,0.821657,20,0.59049,0.867258,pre_filter,False,47.3703,1.0,0.0,0.531441,0.867258,54.3821,"overall IN (1,2,3,5)"
210,0.906777,21,1.0,0.900259,post_filter,True,6.9482,1.0,0.768394,1.0,0.887073,33.3396,overall>=2.0
211,0.610257,18,0.6561,0.884915,post_filter,False,2.439,1.0,0.918699,0.6561,0.888293,31.8963,overall>=5.0
212,0.389743,11,0.81,0.835828,pre_filter,False,79.4347,1.0,0.0,0.729,0.835828,25.7435,overall<=4.0
213,0.230635,3,0.873695,0.820671,pre_filter,False,45.2428,1.0,0.0,0.786326,0.820671,25.9368,"main_cat IN ('Camera & Photo', 'Camera &amp; Photo', 'Cell Phones &amp; Accessories')"
214,0.836128,20,0.531441,0.867258,post_filter,False,1.7953,1.0,0.940157,0.531441,0.874548,24.5324,"overall IN (2,4,5)"
215,0.210713,2,0.78678,0.807435,post_filter,False,1.7177,1.0,0.942742,0.78678,0.820966,24.706,"main_cat IN ('Camera & Photo', 'Camera &amp; Photo')"
216,0.881823,20,0.531441,0.874548,post_filter,False,1.9357,1.0,0.935475,0.531441,0.880641,24.6648,"overall IN (1,4,5)"
217,0.751008,19,0.729,0.820481,post_filter,False,1.5562,1.0,0.948126,0.729,0.833246,24.674,"overall IN (1,2,5)"
218,0.230635,3,0.786326,0.820671,post_filter,False,1.4485,1.0,0.951715,0.786326,0.833775,24.9471,"main_cat IN ('Camera & Photo', 'Camera &amp; Photo', 'Cell Phones &amp; Accessories')"
219,0.836128,20,0.531441,0.880641,post_filter,False,1.5238,1.0,0.949206,0.531441,0.887497,24.6465,"overall IN (2,4,5)"
220,0.836128,20,0.531441,0.887497,post_filter,False,1.6433,1.0,0.945224,0.531441,0.89327,24.8147,"overall IN (2,4,5)"
221,0.658182,18,0.6561,0.888293,pre_filter,False,38.1915,1.0,0.0,0.59049,0.888293,24.7516,verified=true AND overall>=3.0
222,0.610257,18,0.59049,0.888293,post_filter,False,1.6465,0.9,0.550396,0.59049,0.854503,24.5618,overall>=5.0
223,0.751008,19,0.729,0.833246,post_filter,False,1.4006,1.0,0.953314,0.729,0.845253,24.8538,"overall IN (1,2,5)"
224,0.210713,2,0.78678,0.820966,pre_filter,False,11.391,1.0,0.6203,0.770132,0.820966,24.8485,"main_cat IN ('Camera & Photo', 'Camera &amp; Photo')"
225,0.230635,3,0.786326,0.833775,pre_filter,False,12.7156,1.0,0.576147,0.765308,0.833775,24.9349,"main_cat IN ('Camera & Photo', 'Camera &amp; Photo', 'Cell Phones &amp; Accessories')"
226,0.389743,11,0.729,0.835828,post_filter,False,1.6777,1.0,0.944076,0.729,0.846653,24.5397,overall<=4.0
227,0.092237,0,0.859882,0.711728,pre_filter,False,9.3353,1.0,0.688822,0.842776,0.711728,25.2307,main_cat='Home Audio &amp; Theater' AND overall>=3.0
228,0.7886,19,0.729,0.845253,post_filter,False,1.2881,1.0,0.957064,0.729,0.856434,24.7838,overall>=4.0
229,0.248992,4,0.833965,0.926891,pre_filter,False,23.0541,1.0,0.231529,0.773722,0.926891,25.0592,"overall IN (3,4)"
230,0.210713,2,0.770132,0.820966,post_filter,False,0.3653,0.1,0.0,0.770132,0.738869,24.595,"main_cat IN ('Camera & Photo', 'Camera &amp; Photo')"
231,0.230635,3,0.765308,0.833775,post_filter,False,0.7171,1.0,0.976097,0.765308,0.848007,24.8983,"main_cat IN ('Camera & Photo', 'Camera &amp; Photo', 'Cell Phones &amp; Accessories')"
232,0.270385,5,0.679514,0.913732,post_filter,False,1.0387,0.3,1e-05,0.679514,0.822359,24.7567,"main_cat IN ('Home Audio & Theater', 'Books', 'Tools & Home Improvement')"
233,0.270385,5,0.679514,0.822359,post_filter,False,1.3874,1.0,0.953753,0.679514,0.835499,24.837,"main_cat IN ('Home Audio & Theater', 'Books', 'Tools & Home Improvement')"
234,0.929351,21,1.0,0.887073,post_filter,True,0.7533,1.0,0.974889,1.0,0.895854,24.7601,"overall IN (1,2,4,5)"
235,0.680906,18,0.59049,0.854503,post_filter,False,1.031,1.0,0.965635,0.59049,0.865617,26.3442,"overall IN (3,5)"
236,0.092237,0,0.842776,0.711728,pre_filter,False,6.3981,1.0,0.786731,0.837172,0.711728,26.6554,main_cat='Home Audio &amp; Theater' AND overall>=3.0
237,0.140751,1,0.694731,0.638831,pre_filter,False,12.7085,1.0,0.576382,0.682896,0.638831,26.23,overall<=2.0
238,0.140751,1,0.682896,0.638831,pre_filter,False,12.1831,1.0,0.593897,0.673996,0.638831,29.5477,overall<=2.0
239,0.210713,2,0.770132,0.738869,pre_filter,False,12.5526,0.4,0.000102,0.693129,0.738869,26.3927,"main_cat IN ('Camera & Photo', 'Camera &amp; Photo')"
240,0.319094,7,0.729,0.861974,post_filter,False,0.6527,1.0,0.978244,0.729,0.873601,25.506,"overall IN (1,2,4)"
241,0.7886,19,0.729,0.856434,post_filter,False,0.8734,1.0,0.970888,0.729,0.867879,25.0765,overall>=4.0
242,0.140751,1,0.673996,0.638831,pre_filter,False,11.8592,1.0,0.604694,0.667066,0.638831,25.013,overall<=2.0
243,0.7886,19,0.729,0.867879,post_filter,False,1.3351,1.0,0.955497,0.729,0.876641,24.7834,overall>=4.0
244,0.180604,1,0.667066,0.638831,pre_filter,False,9.9398,1.0,0.668674,0.667227,0.638831,24.7244,"main_cat IN ('Camera & Photo', 'Computers', 'Cell Phones &amp; Accessories')"
245,0.092237,0,0.837172,0.711728,pre_filter,False,5.3961,1.0,0.820131,0.835468,0.711728,24.8794,main_cat='Home Audio &amp; Theater' AND overall>=3.0
246,0.339351,8,0.729,0.907,pre_filter,False,25.5487,1.0,0.148376,0.670938,0.907,24.693,"main_cat IN ('Home Audio & Theater', 'Camera &amp; Photo', 'Sports & Outdoors')"
247,0.339351,8,0.670938,0.907,post_filter,False,1.596,1.0,0.946799,0.670938,0.91098,24.849,"main_cat IN ('Home Audio & Theater', 'Camera &amp; Photo', 'Sports & Outdoors')"
248,0.270385,5,0.679514,0.835499,post_filter,False,1.0353,1.0,0.965489,0.679514,0.848498,24.6647,"main_cat IN ('Home Audio & Theater', 'Books', 'Tools & Home Improvement')"
249,0.680906,18,0.59049,0.865617,post_filter,False,1.1977,1.0,0.960076,0.59049,0.875062,24.8322,"overall IN (3,5)"
250,0.389743,11,0.729,0.846653,post_filter,False,1.3873,1.0,0.953756,0.729,0.857363,24.7707,overall<=4.0
251,0.339351,8,0.670938,0.91098,post_filter,False,1.3787,0.9,0.555593,0.670938,0.875441,24.7451,"main_cat IN ('Home Audio & Theater', 'Camera &amp; Photo', 'Sports & Outdoors')"
252,0.073033,0,0.835468,0.711728,pre_filter,False,3.8163,1.0,0.872789,0.8392,0.711728,26.7346,brand='Tiffen'
253,0.180604,1,0.667227,0.638831,pre_filter,False,9.9225,1.0,0.669249,0.667429,0.638831,24.7432,"main_cat IN ('Camera & Photo', 'Computers', 'Cell Phones &amp; Accessories')"
254,0.881823,20,0.531441,0.89327,post_filter,False,1.0152,1.0,0.96616,0.531441,0.900559,24.5965,"overall IN (1,4,5)"
255,0.339351,8,0.670938,0.875441,post_filter,False,0.9857,1.0,0.967143,0.670938,0.884611,24.7492,"main_cat IN ('Home Audio & Theater', 'Camera &amp; Photo', 'Sports & Outdoors')"
256,0.319094,7,0.729,0.873601,pre_filter,False,23.9248,1.0,0.202506,0.676351,0.873601,24.6005,"overall IN (1,2,4)"
257,0.929351,21,1.0,0.895854,post_filter,True,0.9758,1.0,0.967474,1.0,0.903016,24.7211,"overall IN (1,2,4,5)"
258,0.836128,20,0.531441,0.900559,post_filter,False,1.1976,1.0,0.960079,0.531441,0.906511,24.7193,"overall IN (2,4,5)"
259,0.70348,19,0.729,0.876641,post_filter,False,1.1142,1.0,0.962861,0.729,0.885263,24.6014,"overall IN (1,5)"
260,0.7886,19,0.729,0.885263,post_filter,False,1.0339,1.0,0.965538,0.729,0.89329,24.8066,overall>=4.0
261,0.050727,0,0.8392,0.711728,pre_filter,False,5.5239,1.0,0.815871,0.836867,0.711728,25.3741,"main_cat IN ('Computers', 'Tools & Home Improvement')"
262,0.906777,21,1.0,0.903016,post_filter,True,0.8222,1.0,0.972593,1.0,0.909974,24.8786,overall>=2.0
263,0.929351,21,1.0,0.909974,post_filter,True,1.3613,1.0,0.954625,1.0,0.914439,24.421,"overall IN (1,2,4,5)"
264,0.836128,20,0.531441,0.906511,post_filter,False,0.9998,1.0,0.966672,0.531441,0.912527,24.4682,"overall IN (2,4,5)"
265,0.70348,19,0.729,0.89329,post_filter,False,0.8385,1.0,0.97205,0.729,0.901166,27.2652,"overall IN (1,5)"
266,0.319094,7,0.676351,0.873601,post_filter,False,2.4703,1.0,0.917656,0.676351,0.878007,26.2549,"overall IN (1,2,4)"
267,0.610257,18,0.59049,0.875062,post_filter,False,0.6374,1.0,0.978753,0.59049,0.885432,25.2907,overall>=5.0
268,0.050727,0,0.836867,0.711728,pre_filter,False,2.8323,1.0,0.905589,0.843739,0.711728,25.3281,"main_cat IN ('Computers', 'Tools & Home Improvement')"
269,0.300422,7,0.676351,0.878007,post_filter,False,1.2292,1.0,0.959026,0.676351,0.886109,25.0794,"main_cat IN ('All Electronics', 'Books', 'Sports & Outdoors')"
270,0.248992,4,0.773722,0.926891,post_filter,False,0.8508,1.0,0.971642,0.773722,0.931366,25.0126,"overall IN (3,4)"
271,0.836128,20,0.531441,0.912527,pre_filter,False,45.6175,1.0,0.0,0.478297,0.912527,25.3892,"overall IN (2,4,5)"
272,0.319094,7,0.676351,0.886109,post_filter,False,1.0772,0.9,0.561446,0.676351,0.853642,25.5443,"overall IN (1,2,4)"
273,0.906777,21,1.0,0.914439,post_filter,True,0.8449,0.9,0.565955,1.0,0.879591,25.0136,overall>=2.0
274,0.929351,21,1.0,0.879591,post_filter,True,1.1488,1.0,0.961706,1.0,0.887802,26.4231,"overall IN (1,2,4,5)"
275,0.881823,20,0.478297,0.912527,post_filter,False,1.7394,1.0,0.942021,0.478297,0.915476,28.6769,"overall IN (1,4,5)"
276,0.339351,8,0.670938,0.884611,post_filter,False,0.644,1.0,0.978532,0.670938,0.894004,27.6465,"main_cat IN ('Home Audio & Theater', 'Camera &amp; Photo', 'Sports & Outdoors')"
277,0.680906,18,0.59049,0.885432,post_filter,False,1.9068,1.0,0.936442,0.59049,0.890533,27.8735,"overall IN (3,5)"
278,0.821657,20,0.478297,0.915476,post_filter,False,2.1865,1.0,0.927118,0.478297,0.916641,140.0395,"overall IN (1,2,3,5)"
279,0.821657,20,0.478297,0.916641,post_filter,False,3.2883,0.9,0.518524,0.478297,0.876829,37.4072,"overall IN (1,2,3,5)"
280,0.680906,18,0.59049,0.890533,post_filter,False,4.5458,1.0,0.848472,0.59049,0.886327,35.1942,"overall IN (3,5)"
281,0.859249,20,0.478297,0.876829,post_filter,False,2.1858,1.0,0.92714,0.478297,0.88186,27.4865,overall>=3.0
282,0.728433,19,0.729,0.901166,post_filter,False,0.867,1.0,0.971099,0.729,0.90816,30.7131,"overall IN (2,3,5)"
283,0.929351,21,1.0,0.887802,post_filter,True,1.826,1.0,0.939133,1.0,0.892935,26.7045,"overall IN (1,2,4,5)"
284,0.210713,2,0.693129,0.738869,post_filter,False,1.1075,0.9,0.560857,0.693129,0.721068,25.7208,"main_cat IN ('Camera & Photo', 'Camera &amp; Photo')"
285,0.610257,18,0.59049,0.886327,post_filter,False,1.3919,1.0,0.953603,0.59049,0.893054,26.3908,overall>=5.0
286,0.210713,2,0.693129,0.721068,pre_filter,False,12.2267,1.0,0.592443,0.68306,0.721068,28.3941,"main_cat IN ('Camera & Photo', 'Camera &amp; Photo')"
287,0.230635,3,0.765308,0.848007,post_filter,False,1.9385,1.0,0.935385,0.765308,0.856745,25.5775,"main_cat IN ('Camera & Photo', 'Camera &amp; Photo', 'Cell Phones &amp; Accessories')"
288,0.339351,8,0.670938,0.894004,post_filter,False,1.4865,1.0,0.950449,0.670938,0.899648,26.0487,"main_cat IN ('Home Audio & Theater', 'Camera &amp; Photo', 'Sports & Outdoors')"
289,0.610257,18,0.59049,0.893054,post_filter,False,2.9505,1.0,0.90165,0.59049,0.893914,25.8249,overall>=5.0
290,0.050727,0,0.843739,0.711728,pre_filter,False,12.6697,1.0,0.577678,0.817133,0.711728,26.3677,"main_cat IN ('Computers', 'Tools & Home Improvement')"
291,0.319094,7,0.676351,0.853642,pre_filter,False,27.0438,1.0,0.09854,0.61857,0.853642,26.4258,"overall IN (1,2,4)"
292,0.270385,5,0.679514,0.848498,post_filter,False,1.8029,1.0,0.939903,0.679514,0.857638,25.7298,"main_cat IN ('Home Audio & Theater', 'Books', 'Tools & Home Improvement')"
293,0.774129,19,0.729,0.90816,post_filter,False,1.6915,1.0,0.943615,0.729,0.911705,25.9949,"overall IN (1,3,5)"
294,0.774129,19,0.729,0.911705,post_filter,False,1.3985,1.0,0.953385,0.729,0.915873,26.0031,"overall IN (1,3,5)"
295,0.859249,20,0.478297,0.88186,post_filter,False,1.6114,1.0,0.946286,0.478297,0.888303,25.7494,overall>=3.0
296,0.319094,7,0.61857,0.853642,post_filter,False,1.4831,0.9,0.553567,0.61857,0.823635,26.0988,"overall IN (1,2,4)"
297,0.821657,20,0.478297,0.888303,post_filter,False,0.897,1.0,0.9701,0.478297,0.896482,25.8055,"overall IN (1,2,3,5)"
298,0.160682,1,0.667429,0.638831,pre_filter,False,9.8608,1.0,0.671307,0.667817,0.638831,26.0877,"main_cat IN ('Camera & Photo', 'Computers')"
299,0.881823,20,0.478297,0.896482,post_filter,False,1.4233,1.0,0.952557,0.478297,0.90209,25.0252,"overall IN (1,4,5)"
300,0.389743,11,0.729,0.857363,post_filter,False,1.4818,1.0,0.950606,0.729,0.866688,25.0182,overall<=4.0
301,0.952472,21,1.0,0.892935,post_filter,True,1.2281,1.0,0.959064,1.0,0.899548,24.866,"overall IN (1,3,4,5)"
302,0.140751,1,0.667817,0.638831,post_filter,False,1.9987,1.0,0.933375,0.667817,0.668285,25.523,overall<=2.0
303,0.728433,19,0.729,0.915873,post_filter,False,1.4178,1.0,0.952739,0.729,0.91956,25.2493,"overall IN (2,3,5)"
304,0.680906,18,0.59049,0.893914,post_filter,False,0.2186,0.0,0.0,0.59049,0.804522,25.0599,"overall IN (3,5)"
305,0.050727,0,0.817133,0.711728,pre_filter,False,2.8409,1.0,0.905303,0.82595,0.711728,25.3623,"main_cat IN ('Computers', 'Tools & Home Improvement')"
306,0.952472,21,1.0,0.899548,post_filter,True,1.1723,1.0,0.960924,1.0,0.905686,25.0455,"overall IN (1,3,4,5)"
307,0.319094,7,0.61857,0.823635,post_filter,False,0.9395,1.0,0.968685,0.61857,0.83814,24.9917,"overall IN (1,2,4)"
308,0.70348,19,0.729,0.91956,post_filter,False,0.8637,1.0,0.97121,0.729,0.924725,25.2482,"overall IN (1,5)"
309,0.70348,19,0.729,0.924725,post_filter,False,1.0372,1.0,0.965428,0.729,0.928795,25.3244,"overall IN (1,5)"
310,0.774129,19,0.729,0.928795,post_filter,False,0.8765,1.0,0.970782,0.729,0.932994,24.9929,"overall IN (1,3,5)"
311,0.050727,0,0.82595,0.711728,post_filter,False,1.5579,0.8,0.170022,0.82595,0.657557,25.1334,"main_cat IN ('Computers', 'Tools & Home Improvement')"
312,0.092237,0,0.82595,0.657557,pre_filter,False,5.7122,1.0,0.809594,0.824314,0.657557,25.1064,main_cat='Home Audio &amp; Theater' AND overall>=3.0
313,0.751008,19,0.729,0.932994,post_filter,False,1.2631,1.0,0.957897,0.729,0.935484,25.1002,"overall IN (1,2,5)"
314,0.339351,8,0.670938,0.899648,post_filter,False,1.0179,1.0,0.966069,0.670938,0.90629,24.9078,"main_cat IN ('Home Audio & Theater', 'Camera &amp; Photo', 'Sports & Outdoors')"
315,0.140751,1,0.667817,0.668285,post_filter,False,1.2861,0.7,0.045156,0.667817,0.605972,24.8556,overall<=2.0
316,0.906777,21,1.0,0.905686,post_filter,True,0.6822,1.0,0.977261,1.0,0.912843,27.4309,overall>=2.0
317,0.389743,11,0.729,0.866688,post_filter,False,1.209,1.0,0.9597,0.729,0.875989,24.796,overall<=4.0
318,0.160682,1,0.667817,0.605972,pre_filter,False,9.4968,1.0,0.683439,0.669379,0.605972,25.3009,"main_cat IN ('Camera & Photo', 'Computers')"
319,0.073033,0,0.824314,0.657557,pre_filter,False,4.0222,1.0,0.865926,0.828476,0.657557,25.7582,brand='Tiffen'
320,0.230635,3,0.765308,0.856745,post_filter,False,1.2833,1.0,0.957224,0.765308,0.866793,25.1934,"main_cat IN ('Camera & Photo', 'Camera &amp; Photo', 'Cell Phones &amp; Accessories')"
321,0.319094,7,0.61857,0.83814,post_filter,False,0.783,1.0,0.973901,0.61857,0.851716,24.7392,"overall IN (1,2,4)"
322,0.270385,5,0.679514,0.857638,post_filter,False,1.1387,1.0,0.962043,0.679514,0.868079,25.0527,"main_cat IN ('Home Audio & Theater', 'Books', 'Tools & Home Improvement')"
323,0.180604,1,0.669379,0.605972,pre_filter,False,10.0728,1.0,0.664239,0.668865,0.605972,24.857,"main_cat IN ('Camera & Photo', 'Computers', 'Cell Phones &amp; Accessories')"
324,0.389743,11,0.729,0.875989,post_filter,False,1.0132,1.0,0.966226,0.729,0.885013,24.9968,overall<=4.0
325,0.270385,5,0.679514,0.868079,post_filter,False,0.8349,1.0,0.972169,0.679514,0.878488,24.8365,"main_cat IN ('Home Audio & Theater', 'Books', 'Tools & Home Improvement')"
326,0.270385,5,0.679514,0.878488,post_filter,False,1.2005,1.0,0.959983,0.679514,0.886637,24.9688,"main_cat IN ('Home Audio & Theater', 'Books', 'Tools & Home Improvement')"
327,0.836128,20,0.478297,0.90209,post_filter,False,0.8423,1.0,0.971925,0.478297,0.909073,24.8006,"overall IN (2,4,5)"
328,0.929351,21,1.0,0.912843,post_filter,True,0.325,0.9,0.576047,1.0,0.879164,25.0271,"overall IN (1,2,4,5)"
329,0.319094,7,0.61857,0.851716,post_filter,False,0.206,0.6,0.01003,0.61857,0.767547,24.7924,"overall IN (1,2,4)"
330,0.230635,3,0.765308,0.866793,post_filter,False,1.068,1.0,0.964401,0.765308,0.876554,25.077,"main_cat IN ('Camera & Photo', 'Camera &amp; Photo', 'Cell Phones &amp; Accessories')"
331,0.836128,20,0.478297,0.909073,post_filter,False,0.8397,1.0,0.97201,0.478297,0.915367,24.9269,"overall IN (2,4,5)"
332,0.881823,20,0.478297,0.915367,post_filter,False,1.0712,1.0,0.964293,0.478297,0.92026,24.9233,"overall IN (1,4,5)"
333,0.339351,8,0.670938,0.90629,post_filter,False,0.8609,1.0,0.971303,0.670938,0.912791,24.9363,"main_cat IN ('Home Audio & Theater', 'Camera &amp; Photo', 'Sports & Outdoors')"
334,0.230635,3,0.765308,0.876554,pre_filter,False,12.3431,1.0,0.588564,0.747634,0.876554,25.0455,"main_cat IN ('Camera & Photo', 'Camera &amp; Photo', 'Cell Phones &amp; Accessories')"
335,0.881823,20,0.478297,0.92026,pre_filter,False,97.7099,1.0,0.0,0.430467,0.92026,25.3427,"overall IN (1,4,5)"
336,0.092237,0,0.828476,0.657557,pre_filter,False,5.9808,1.0,0.800642,0.825692,0.657557,25.0971,main_cat='Home Audio &amp; Theater' AND overall>=3.0
337,0.610257,18,0.59049,0.804522,post_filter,False,0.914,1.0,0.969533,0.59049,0.821023,25.0249,overall>=5.0
338,0.050727,0,0.825692,0.657557,pre_filter,False,3.0095,1.0,0.899685,0.833091,0.657557,24.7052,"main_cat IN ('Computers', 'Tools & Home Improvement')"
339,0.821657,20,0.430467,0.92026,post_filter,False,1.0777,1.0,0.964076,0.430467,0.924641,30.3246,"overall IN (1,2,3,5)"
340,0.680906,18,0.59049,0.821023,post_filter,False,1.0939,1.0,0.963536,0.59049,0.835275,25.6204,"overall IN (3,5)"
341,0.073033,0,0.833091,0.657557,pre_filter,False,3.9298,1.0,0.869007,0.836683,0.657557,25.4655,brand='Tiffen'
342,0.300422,7,0.61857,0.767547,post_filter,False,0.8715,1.0,0.970951,0.61857,0.787888,25.1755,"main_cat IN ('All Electronics', 'Books', 'Sports & Outdoors')"
343,0.210713,2,0.68306,0.721068,post_filter,False,1.0668,0.8,0.172957,0.68306,0.666257,25.2941,"main_cat IN ('Camera & Photo', 'Camera &amp; Photo')"
344,0.751008,19,0.729,0.935484,pre_filter,False,43.2851,1.0,0.0,0.6561,0.935484,25.3368,"overall IN (1,2,5)"
345,0.092237,0,0.836683,0.657557,post_filter,False,0.9434,1.0,0.968553,0.836683,0.688657,24.9037,main_cat='Home Audio &amp; Theater' AND overall>=3.0
346,0.836128,20,0.430467,0.924641,post_filter,False,0.5457,0.0,0.0,0.430467,0.832177,25.2528,"overall IN (2,4,5)"
347,0.751008,19,0.6561,0.935484,post_filter,False,1.0398,1.0,0.96534,0.6561,0.93847,24.8955,"overall IN (1,2,5)"
348,0.073033,0,0.836683,0.688657,pre_filter,False,4.0398,1.0,0.865339,0.839549,0.688657,25.1683,brand='Tiffen'
349,0.836128,20,0.430467,0.832177,post_filter,False,0.6761,1.0,0.977463,0.430467,0.846706,25.1937,"overall IN (2,4,5)"
350,0.050727,0,0.839549,0.688657,pre_filter,False,3.0392,1.0,0.898693,0.845463,0.688657,25.5055,"main_cat IN ('Computers', 'Tools & Home Improvement')"
351,0.210713,2,0.68306,0.666257,pre_filter,False,11.651,1.0,0.611632,0.675917,0.666257,25.211,"main_cat IN ('Camera & Photo', 'Camera &amp; Photo')"
352,0.180604,1,0.668865,0.605972,pre_filter,False,10.5882,1.0,0.647061,0.666685,0.605972,26.0393,"main_cat IN ('Camera & Photo', 'Computers', 'Cell Phones &amp; Accessories')"
353,0.881823,20,0.430467,0.846706,post_filter,False,0.8839,1.0,0.970538,0.430467,0.859089,27.1608,"overall IN (1,4,5)"
354,0.050727,0,0.845463,0.688657,pre_filter,False,2.938,1.0,0.902067,0.851123,0.688657,25.1102,"main_cat IN ('Computers', 'Tools & Home Improvement')"
355,0.728433,19,0.6561,0.93847,post_filter,False,0.9187,1.0,0.969378,0.6561,0.94156,25.17,"overall IN (2,3,5)"
356,0.140751,1,0.666685,0.605972,post_filter,False,1.2965,0.4,0.000168,0.666685,0.545392,25.4285,overall<=2.0
357,0.210713,2,0.675917,0.666257,pre_filter,False,11.303,1.0,0.623232,0.670649,0.666257,25.1061,"main_cat IN ('Camera & Photo', 'Camera &amp; Photo')"
358,0.140751,1,0.666685,0.545392,pre_filter,False,11.7558,1.0,0.608139,0.66083,0.545392,25.3274,overall<=2.0
359,0.610257,18,0.59049,0.835275,post_filter,False,0.8529,0.9,0.5658,0.59049,0.808327,24.7954,overall>=5.0
360,0.774129,19,0.6561,0.94156,post_filter,False,0.9529,1.0,0.968236,0.6561,0.944228,25.0829,"overall IN (1,3,5)"
361,0.12068,1,0.66083,0.545392,pre_filter,False,8.2953,1.0,0.72349,0.667096,0.545392,25.2483,"main_cat IN ('Camera &amp; Photo', 'Cell Phones &amp; Accessories', 'Tools & Home Improvement')"
362,0.70348,19,0.6561,0.944228,post_filter,False,0.8758,1.0,0.970807,0.6561,0.946886,24.8304,"overall IN (1,5)"
363,0.180604,1,0.667096,0.545392,pre_filter,False,10.196,1.0,0.660133,0.6664,0.545392,25.0539,"main_cat IN ('Camera & Photo', 'Computers', 'Cell Phones &amp; Accessories')"
364,0.389743,11,0.729,0.885013,post_filter,False,0.9351,1.0,0.968829,0.729,0.893394,24.7879,overall<=4.0
365,0.7886,19,0.6561,0.946886,post_filter,False,0.8878,1.0,0.970408,0.6561,0.949238,25.1363,overall>=4.0
366,0.230635,3,0.747634,0.876554,pre_filter,False,12.6999,1.0,0.576671,0.730537,0.876554,24.8971,"main_cat IN ('Camera & Photo', 'Camera &amp; Photo', 'Cell Phones &amp; Accessories')"
367,0.836128,20,0.430467,0.859089,post_filter,False,0.8434,1.0,0.971886,0.430467,0.870369,25.2614,"overall IN (2,4,5)"
368,0.300422,7,0.61857,0.787888,post_filter,False,1.2171,0.7,0.045265,0.61857,0.713625,25.4219,"main_cat IN ('All Electronics', 'Books', 'Sports & Outdoors')"
369,0.160682,1,0.6664,0.545392,post_filter,False,1.0688,0.9,0.56161,0.6664,0.547014,25.2706,"main_cat IN ('Camera & Photo', 'Computers')"
370,0.728433,19,0.6561,0.949238,post_filter,False,1.0239,1.0,0.965871,0.6561,0.950901,24.7725,"overall IN (2,3,5)"
371,0.728433,19,0.6561,0.950901,post_filter,False,0.9692,1.0,0.967693,0.6561,0.952581,24.9933,"overall IN (2,3,5)"
372,0.821657,20,0.430467,0.870369,post_filter,False,0.8325,1.0,0.97225,0.430467,0.880557,24.7196,"overall IN (1,2,3,5)"
373,0.7886,19,0.6561,0.952581,post_filter,False,0.9005,1.0,0.969985,0.6561,0.954321,24.9142,overall>=4.0
374,0.12068,1,0.6664,0.547014,pre_filter,False,6.7976,1.0,0.773412,0.677101,0.547014,25.1182,"main_cat IN ('Camera &amp; Photo', 'Cell Phones &amp; Accessories', 'Tools & Home Improvement')"
375,0.836128,20,0.430467,0.880557,post_filter,False,0.8105,1.0,0.972985,0.430467,0.8898,24.7577,"overall IN (2,4,5)"
376,0.881823,20,0.430467,0.8898,post_filter,False,0.834,0.9,0.566166,0.430467,0.857436,24.8855,"overall IN (1,4,5)"
377,0.160682,1,0.677101,0.547014,pre_filter,False,9.1373,1.0,0.695425,0.678933,0.547014,25.1123,"main_cat IN ('Camera & Photo', 'Computers')"
378,0.248992,4,0.773722,0.931366,post_filter,False,0.9316,1.0,0.968946,0.773722,0.935124,24.7787,"overall IN (3,4)"
379,0.12068,1,0.678933,0.547014,pre_filter,False,6.7362,1.0,0.775461,0.688586,0.547014,24.9344,"main_cat IN ('Camera &amp; Photo', 'Cell Phones &amp; Accessories', 'Tools & Home Improvement')"
380,0.70348,19,0.6561,0.954321,post_filter,False,0.8245,1.0,0.972518,0.6561,0.956141,24.8269,"overall IN (1,5)"
381,0.050727,0,0.851123,0.688657,pre_filter,False,2.7222,1.0,0.909261,0.856937,0.688657,24.9677,"main_cat IN ('Computers', 'Tools & Home Improvement')"
382,0.952472,21,1.0,0.879164,post_filter,True,0.9225,1.0,0.96925,1.0,0.888172,24.6732,"overall IN (1,3,4,5)"
383,0.248992,4,0.773722,0.935124,post_filter,False,0.7455,1.0,0.975151,0.773722,0.939126,25.0296,"overall IN (3,4)"
384,0.70348,19,0.6561,0.956141,post_filter,False,1.0022,1.0,0.966594,0.6561,0.957186,24.6405,"overall IN (1,5)"
385,0.774129,19,0.6561,0.957186,post_filter,False,0.8168,1.0,0.972774,0.6561,0.958745,24.8997,"overall IN (1,3,5)"
386,0.952472,21,1.0,0.888172,post_filter,True,0.8565,1.0,0.97145,1.0,0.8965,24.708,"overall IN (1,3,4,5)"
387,0.319094,7,0.61857,0.713625,pre_filter,False,28.0547,1.0,0.064844,0.563197,0.713625,24.9183,"overall IN (1,2,4)"
388,0.319094,7,0.563197,0.713625,post_filter,False,0.5854,0.8,0.175835,0.563197,0.659846,24.8855,"overall IN (1,2,4)"
389,0.7886,19,0.6561,0.958745,post_filter,False,0.6979,1.0,0.976736,0.6561,0.960544,24.8493,overall>=4.0
390,0.180604,1,0.688586,0.547014,pre_filter,False,9.9883,1.0,0.667057,0.686433,0.547014,24.9303,"main_cat IN ('Camera & Photo', 'Computers', 'Cell Phones &amp; Accessories')"
391,0.092237,0,0.856937,0.688657,post_filter,False,1.0094,1.0,0.966354,0.856937,0.716427,24.5418,main_cat='Home Audio &amp; Theater' AND overall>=3.0
392,0.70348,19,0.6561,0.960544,post_filter,False,0.5231,1.0,0.982562,0.6561,0.962746,24.9046,"overall IN (1,5)"
393,0.7886,19,0.6561,0.962746,post_filter,False,0.705,1.0,0.976499,0.6561,0.964121,24.5994,overall>=4.0
394,0.881823,20,0.430467,0.857436,pre_filter,False,49.1703,1.0,0.0,0.38742,0.857436,25.5664,"overall IN (1,4,5)"
395,0.751008,19,0.6561,0.964121,post_filter,False,1.0768,1.0,0.964106,0.6561,0.96412,24.9258,"overall IN (1,2,5)"
396,0.210713,2,0.670649,0.666257,pre_filter,False,11.7956,1.0,0.606814,0.664265,0.666257,25.1903,"main_cat IN ('Camera & Photo', 'Camera &amp; Photo')"
397,0.12068,1,0.686433,0.547014,post_filter,False,1.0161,1.0,0.966129,0.686433,0.588925,25.0598,"main_cat IN ('Camera &amp; Photo', 'Cell Phones &amp; Accessories', 'Tools & Home Improvement')"
398,0.7886,19,0.6561,0.96412,post_filter,False,0.8118,1.0,0.972942,0.6561,0.965002,25.4154,overall>=4.0
399,0.836128,20,0.38742,0.857436,post_filter,False,0.8508,1.0,0.971639,0.38742,0.868856,24.9352,"overall IN (2,4,5)"
400,0.248992,4,0.773722,0.939126,post_filter,False,0.7904,1.0,0.973653,0.773722,0.942579,25.2285,"overall IN (3,4)"
401,0.906777,21,1.0,0.8965,post_filter,True,0.8753,1.0,0.970822,1.0,0.903932,24.8701,overall>=2.0
402,0.774129,19,0.6561,0.965002,post_filter,False,0.8518,1.0,0.971607,0.6561,0.965662,25.3846,"overall IN (1,3,5)"
403,0.728433,19,0.6561,0.965662,post_filter,False,1.0115,1.0,0.966282,0.6561,0.965724,25.7253,"overall IN (2,3,5)"
404,0.859249,20,0.38742,0.868856,post_filter,False,0.9048,1.0,0.96984,0.38742,0.878955,25.0294,overall>=3.0
405,0.12068,1,0.686433,0.588925,pre_filter,False,6.895,1.0,0.770168,0.694807,0.588925,24.9013,"main_cat IN ('Camera &amp; Photo', 'Cell Phones &amp; Accessories', 'Tools & Home Improvement')"
406,0.859249,20,0.38742,0.878955,post_filter,False,0.9151,1.0,0.969496,0.38742,0.888009,24.8975,overall>=3.0
407,0.70348,19,0.6561,0.965724,post_filter,False,0.8853,1.0,0.970489,0.6561,0.966201,24.8381,"overall IN (1,5)"
408,0.859249,20,0.38742,0.888009,post_filter,False,0.4273,0.0,0.0,0.38742,0.799208,25.0589,overall>=3.0
409,0.073033,0,0.856937,0.716427,pre_filter,False,3.795,1.0,0.8735,0.858593,0.716427,25.0076,brand='Tiffen'
410,0.300422,7,0.563197,0.659846,pre_filter,False,16.3882,1.0,0.453725,0.55225,0.659846,25.1378,"main_cat IN ('All Electronics', 'Books', 'Sports & Outdoors')"
411,0.680906,18,0.59049,0.808327,post_filter,False,0.6684,1.0,0.977719,0.59049,0.825266,25.109,"overall IN (3,5)"
412,0.339351,8,0.670938,0.912791,post_filter,False,0.8147,1.0,0.972844,0.670938,0.918797,25.1811,"main_cat IN ('Home Audio & Theater', 'Camera &amp; Photo', 'Sports & Outdoors')"
413,0.774129,19,0.6561,0.966201,post_filter,False,0.9169,1.0,0.969438,0.6561,0.966524,25.0469,"overall IN (1,3,5)"
414,0.300422,7,0.55225,0.659846,post_filter,False,1.0268,1.0,0.965772,0.55225,0.690439,24.8188,"main_cat IN ('All Electronics', 'Books', 'Sports & Outdoors')"
415,0.092237,0,0.858593,0.716427,pre_filter,False,5.5912,1.0,0.813628,0.854097,0.716427,26.3379,main_cat='Home Audio &amp; Theater' AND overall>=3.0
416,0.658182,18,0.59049,0.825266,post_filter,False,0.9891,1.0,0.967029,0.59049,0.839443,27.1032,verified=true AND overall>=3.0
417,0.751008,19,0.6561,0.966524,post_filter,False,1.6448,1.0,0.945174,0.6561,0.964389,28.5305,"overall IN (1,2,5)"
418,0.270385,5,0.679514,0.886637,post_filter,False,2.1532,1.0,0.928225,0.679514,0.890796,27.5196,"main_cat IN ('Home Audio & Theater', 'Books', 'Tools & Home Improvement')"
419,0.050727,0,0.854097,0.716427,post_filter,False,3.0353,1.0,0.898824,0.854097,0.734666,26.6393,"main_cat IN ('Computers', 'Tools & Home Improvement')"
420,0.906777,21,1.0,0.903932,post_filter,True,0.1517,0.0,0.0,1.0,0.813539,25.7921,overall>=2.0
421,0.339351,8,0.670938,0.918797,post_filter,False,0.3697,0.7,0.046597,0.670938,0.831577,24.7002,"main_cat IN ('Home Audio & Theater', 'Camera &amp; Photo', 'Sports & Outdoors')"
422,0.881823,20,0.38742,0.799208,post_filter,False,1.0398,1.0,0.965339,0.38742,0.815821,24.9417,"overall IN (1,4,5)"
423,0.610257,18,0.59049,0.839443,post_filter,False,1.1987,1.0,0.960042,0.59049,0.851503,25.0555,overall>=5.0
424,0.12068,1,0.694807,0.588925,pre_filter,False,10.5195,1.0,0.649351,0.690261,0.588925,24.8162,"main_cat IN ('Camera &amp; Photo', 'Cell Phones &amp; Accessories', 'Tools & Home Improvement')"
425,0.339351,8,0.670938,0.831577,post_filter,False,0.8468,1.0,0.971772,0.670938,0.845596,25.0103,"main_cat IN ('Home Audio & Theater', 'Camera &amp; Photo', 'Sports & Outdoors')"
426,0.300422,7,0.55225,0.690439,post_filter,False,1.222,1.0,0.959265,0.55225,0.717322,24.7969,"main_cat IN ('All Electronics', 'Books', 'Sports & Outdoors')"
427,0.751008,19,0.6561,0.964389,post_filter,False,0.9925,1.0,0.966915,0.6561,0.964642,24.625,"overall IN (1,2,5)"
428,0.929351,21,1.0,0.813539,post_filter,True,1.1047,1.0,0.963178,1.0,0.828503,25.5642,"overall IN (1,2,4,5)"
429,0.881823,20,0.38742,0.815821,post_filter,False,1.1537,1.0,0.961543,0.38742,0.830393,24.6609,"overall IN (1,4,5)"
430,0.389743,11,0.729,0.893394,post_filter,False,1.2259,1.0,0.959137,0.729,0.899969,25.019,overall<=4.0
431,0.7886,19,0.6561,0.964642,post_filter,False,0.8738,1.0,0.970874,0.6561,0.965265,24.6848,overall>=4.0
432,0.140751,1,0.690261,0.588925,pre_filter,False,12.4296,1.0,0.585679,0.679803,0.588925,28.8261,overall<=2.0
433,0.339351,8,0.670938,0.845596,post_filter,False,1.1481,0.9,0.56007,0.670938,0.817044,24.731,"main_cat IN ('Home Audio & Theater', 'Camera &amp; Photo', 'Sports & Outdoors')"
434,0.160682,1,0.679803,0.588925,pre_filter,False,9.4512,1.0,0.68496,0.680319,0.588925,24.8033,"main_cat IN ('Camera & Photo', 'Computers')"
435,0.821657,20,0.38742,0.830393,post_filter,False,0.9943,1.0,0.966857,0.38742,0.84404,24.8294,"overall IN (1,2,3,5)"
436,0.658182,18,0.59049,0.851503,post_filter,False,0.7912,1.0,0.973628,0.59049,0.863715,25.1846,verified=true AND overall>=3.0
437,0.751008,19,0.6561,0.965265,post_filter,False,0.4379,1.0,0.985404,0.6561,0.967279,24.7862,"overall IN (1,2,5)"
438,0.230635,3,0.730537,0.876554,post_filter,False,1.1547,0.6,0.00971,0.730537,0.789869,25.1405,"main_cat IN ('Camera & Photo', 'Camera &amp; Photo', 'Cell Phones &amp; Accessories')"
439,0.728433,19,0.6561,0.967279,post_filter,False,0.3973,0.7778,0.133515,0.6561,0.883903,24.9965,"overall IN (2,3,5)"
440,0.859249,20,0.38742,0.84404,post_filter,False,0.9273,1.0,0.969092,0.38742,0.856545,25.1074,overall>=3.0
441,0.952472,21,1.0,0.828503,post_filter,True,0.9307,1.0,0.968976,1.0,0.84255,24.6084,"overall IN (1,3,4,5)"
442,0.680906,18,0.59049,0.863715,post_filter,False,0.795,1.0,0.973501,0.59049,0.874694,25.0245,"overall IN (3,5)"
443,0.836128,20,0.38742,0.856545,post_filter,False,0.8696,1.0,0.971014,0.38742,0.867992,24.6226,"overall IN (2,4,5)"
444,0.610257,18,0.59049,0.874694,post_filter,False,0.6505,0.9,0.569728,0.59049,0.844197,25.3087,overall>=5.0
445,0.389743,11,0.729,0.899969,pre_filter,False,27.8552,0.7,0.003373,0.656437,0.899969,25.0153,overall<=4.0
446,0.339351,8,0.670938,0.817044,pre_filter,False,65.523,1.0,0.0,0.603844,0.817044,24.7458,"main_cat IN ('Home Audio & Theater', 'Camera &amp; Photo', 'Sports & Outdoors')"
447,0.881823,20,0.38742,0.867992,post_filter,False,1.2639,1.0,0.957871,0.38742,0.87698,24.7012,"overall IN (1,4,5)"
448,0.821657,20,0.38742,0.87698,post_filter,False,1.1932,1.0,0.960225,0.38742,0.885304,24.941,"overall IN (1,2,3,5)"
449,0.70348,19,0.6561,0.883903,post_filter,False,1.342,1.0,0.955268,0.6561,0.891039,24.4683,"overall IN (1,5)"
450,0.230635,3,0.730537,0.789869,post_filter,False,0.9202,1.0,0.969325,0.730537,0.807815,24.9288,"main_cat IN ('Camera & Photo', 'Camera &amp; Photo', 'Cell Phones &amp; Accessories')"
451,0.270385,5,0.679514,0.890796,post_filter,False,0.9847,1.0,0.967178,0.679514,0.898434,24.4987,"main_cat IN ('Home Audio & Theater', 'Books', 'Tools & Home Improvement')"
452,0.906777,21,1.0,0.84255,post_filter,True,1.1009,1.0,0.963304,1.0,0.854626,25.2054,overall>=2.0
453,0.210713,2,0.664265,0.666257,post_filter,False,1.1758,1.0,0.960806,0.664265,0.695712,25.755,"main_cat IN ('Camera & Photo', 'Camera &amp; Photo')"
454,0.881823,20,0.38742,0.885304,post_filter,False,1.2191,1.0,0.959363,0.38742,0.89271,25.7318,"overall IN (1,4,5)"
455,0.952472,21,1.0,0.854626,post_filter,True,1.1845,1.0,0.960517,1.0,0.865215,28.3771,"overall IN (1,3,4,5)"
456,0.092237,0,0.854097,0.734666,post_filter,False,1.1904,0.6,0.009698,0.854097,0.66217,27.6243,main_cat='Home Audio &amp; Theater' AND overall>=3.0
457,0.230635,3,0.730537,0.807815,post_filter,False,1.21,1.0,0.959665,0.730537,0.823,29.4776,"main_cat IN ('Camera & Photo', 'Camera &amp; Photo', 'Cell Phones &amp; Accessories')"
458,0.929351,21,1.0,0.865215,post_filter,True,1.4269,1.0,0.952437,1.0,0.873937,29.0646,"overall IN (1,2,4,5)"
459,0.389743,11,0.656437,0.899969,post_filter,False,1.2471,1.0,0.958429,0.656437,0.905815,31.5199,overall<=4.0
460,0.210713,2,0.664265,0.695712,pre_filter,False,18.8121,1.0,0.372929,0.635132,0.695712,25.8628,"main_cat IN ('Camera & Photo', 'Camera &amp; Photo')"
461,0.836128,20,0.38742,0.89271,post_filter,False,0.9052,1.0,0.969826,0.38742,0.900422,25.2524,"overall IN (2,4,5)"
462,0.389743,11,0.656437,0.905815,post_filter,False,0.5533,0.9,0.571615,0.656437,0.872395,25.4843,overall<=4.0
463,0.70348,19,0.6561,0.891039,post_filter,False,0.9877,1.0,0.967076,0.6561,0.898643,25.643,"overall IN (1,5)"
464,0.728433,19,0.6561,0.898643,post_filter,False,0.8877,1.0,0.97041,0.6561,0.90582,25.4616,"overall IN (2,3,5)"
465,0.774129,19,0.6561,0.90582,post_filter,False,1.144,1.0,0.961867,0.6561,0.911424,26.1488,"overall IN (1,3,5)"
466,0.319094,7,0.55225,0.717322,pre_filter,False,48.088,1.0,0.0,0.497025,0.717322,26.3755,"overall IN (1,2,4)"
467,0.270385,5,0.679514,0.898434,post_filter,False,0.9319,1.0,0.968936,0.679514,0.905485,25.2646,"main_cat IN ('Home Audio & Theater', 'Books', 'Tools & Home Improvement')"
468,0.050727,0,0.854097,0.66217,pre_filter,False,3.0421,1.0,0.898596,0.858547,0.66217,25.5717,"main_cat IN ('Computers', 'Tools & Home Improvement')"
469,0.610257,18,0.59049,0.844197,pre_filter,False,70.7875,0.0,0.0,0.531441,0.844197,24.6043,overall>=5.0
470,0.906777,21,1.0,0.873937,post_filter,True,0.8572,1.0,0.971428,1.0,0.883686,25.0616,overall>=2.0
471,0.270385,5,0.679514,0.905485,post_filter,False,0.7744,1.0,0.974186,0.679514,0.912355,27.2755,"main_cat IN ('Home Audio & Theater', 'Books', 'Tools & Home Improvement')"
472,0.160682,1,0.680319,0.588925,pre_filter,False,23.2855,1.0,0.223818,0.634669,0.588925,44.596,"main_cat IN ('Camera & Photo', 'Computers')"
473,0.610257,18,0.531441,0.844197,post_filter,False,3.9218,1.0,0.869272,0.531441,0.846705,32.4091,overall>=5.0
474,0.180604,1,0.634669,0.588925,pre_filter,False,17.2007,1.0,0.426642,0.613866,0.588925,27.1832,"main_cat IN ('Camera & Photo', 'Computers', 'Cell Phones &amp; Accessories')"
475,0.300422,7,0.497025,0.717322,post_filter,False,1.1581,1.0,0.961396,0.497025,0.741729,25.3045,"main_cat IN ('All Electronics', 'Books', 'Sports & Outdoors')"
476,0.859249,20,0.38742,0.900422,post_filter,False,2.2342,1.0,0.925526,0.38742,0.902932,26.0494,overall>=3.0
477,0.230635,3,0.730537,0.823,post_filter,False,2.2161,1.0,0.926129,0.730537,0.833313,26.3297,"main_cat IN ('Camera & Photo', 'Camera &amp; Photo', 'Cell Phones &amp; Accessories')"
478,0.270385,5,0.679514,0.912355,post_filter,False,1.7787,1.0,0.94071,0.679514,0.91519,25.7704,"main_cat IN ('Home Audio & Theater', 'Books', 'Tools & Home Improvement')"
479,0.230635,3,0.730537,0.833313,post_filter,False,1.9202,1.0,0.935994,0.730537,0.843581,29.0404,"main_cat IN ('Camera & Photo', 'Camera &amp; Photo', 'Cell Phones &amp; Accessories')"
480,0.929351,21,1.0,0.883686,post_filter,True,1.7077,1.0,0.943076,1.0,0.889625,25.9978,"overall IN (1,2,4,5)"
481,0.728433,19,0.6561,0.911424,pre_filter,False,60.6728,1.0,0.0,0.59049,0.911424,29.9535,"overall IN (2,3,5)"
482,0.7886,19,0.59049,0.911424,post_filter,False,2.1122,1.0,0.929594,0.59049,0.913241,25.8849,overall>=4.0
483,0.929351,21,1.0,0.889625,post_filter,True,1.2732,1.0,0.957561,1.0,0.896419,25.4072,"overall IN (1,2,4,5)"
484,0.230635,3,0.730537,0.843581,post_filter,False,2.3575,1.0,0.921415,0.730537,0.851365,25.5258,"main_cat IN ('Camera & Photo', 'Camera &amp; Photo', 'Cell Phones &amp; Accessories')"
485,0.680906,18,0.531441,0.846705,post_filter,False,4.6434,1.0,0.845221,0.531441,0.846556,25.3741,"overall IN (3,5)"
486,0.050727,0,0.858547,0.66217,pre_filter,False,2.758,1.0,0.908068,0.863499,0.66217,25.4084,"main_cat IN ('Computers', 'Tools & Home Improvement')"
487,0.658182,18,0.531441,0.846556,post_filter,False,0.8147,0.9,0.566542,0.531441,0.818555,25.0253,verified=true AND overall>=3.0
488,0.180604,1,0.613866,0.588925,pre_filter,False,47.984,1.0,0.0,0.552479,0.588925,56.8407,"main_cat IN ('Camera & Photo', 'Computers', 'Cell Phones &amp; Accessories')"
489,0.092237,0,0.863499,0.66217,pre_filter,False,13.8038,1.0,0.539874,0.831136,0.66217,39.394,main_cat='Home Audio &amp; Theater' AND overall>=3.0
490,0.210713,2,0.635132,0.695712,post_filter,False,6.8158,1.0,0.772806,0.635132,0.703421,109.461,"main_cat IN ('Camera & Photo', 'Camera &amp; Photo')"
491,0.821657,20,0.38742,0.902932,post_filter,False,4.3192,1.0,0.856028,0.38742,0.898242,28.7583,"overall IN (1,2,3,5)"
492,0.339351,8,0.603844,0.817044,pre_filter,False,54.9256,1.0,0.0,0.543459,0.817044,24.7852,"main_cat IN ('Home Audio & Theater', 'Camera &amp; Photo', 'Sports & Outdoors')"
493,0.610257,18,0.531441,0.818555,post_filter,False,4.3071,1.0,0.856429,0.531441,0.822342,24.8018,overall>=5.0
494,0.680906,18,0.531441,0.822342,post_filter,False,3.9237,1.0,0.86921,0.531441,0.827029,24.7714,"overall IN (3,5)"
495,0.836128,20,0.38742,0.898242,post_filter,False,2.0184,1.0,0.932719,0.38742,0.90169,24.6385,"overall IN (2,4,5)"
496,0.210713,2,0.635132,0.703421,pre_filter,False,47.6747,1.0,0.0,0.571619,0.703421,25.4668,"main_cat IN ('Camera & Photo', 'Camera &amp; Photo')"
497,0.7886,19,0.59049,0.913241,post_filter,False,2.7403,1.0,0.908656,0.59049,0.912783,25.3661,overall>=4.0
498,0.610257,18,0.531441,0.827029,post_filter,False,8.4809,0.8,0.128637,0.531441,0.75719,26.037,overall>=5.0
499,0.751008,19,0.59049,0.912783,post_filter,False,4.9544,0.9,0.486183,0.59049,0.870123,25.4782,"overall IN (1,2,5)"
500,0.7886,19,0.59049,0.870123,post_filter,False,0.4012,0.0,0.0,0.59049,0.78311,24.8361,overall>=4.0
